{
  "name": "BluePolyline",
  "vertices": [
    {
      "id": 0,
      "x": -0.657208,
      "y": 1.2409,
      "z": 2.93151,
      "visibility_grid": [
        0.003620558120600734,
        0.0022417713190045507,
        0.004418100308806356,
        0.011598402993845824,
        0.01203703793565978,
        0.010904217379227399,
        0.008086734582082972,
        0.006345342724576919,
        0.00039509026331409396,
        0.0007153327111520879,
        0.006503928623366092,
        Infinity,
        Infinity,
        0.023881584637440043,
        0.010404064904310074,
        0.006210612670719735,
        0.00021925426731357075,
        0.0004304761794266098,
        0.0076603002318684785,
        Infinity,
        Infinity,
        0.3674339325522458,
        0.012799043905665998,
        0.009430517189240529,
        0.00018027923105226815,
        0.0003745849969451307,
        Infinity,
        Infinity,
        Infinity,
        0.42933065139638577,
        0.02356961909681374,
        0.0074094133021596655,
        0.00020360093936211223,
        0.0004474780138504916,
        Infinity,
        Infinity,
        Infinity,
        0.7554786128169159,
        0.026819532458681926,
        0.009084431544124012,
        0.00033036370625813153,
        0.0007854662171231015,
        Infinity,
        Infinity,
        Infinity,
        1.812185574103161,
        0.7408867840120559,
        0.018053906643101896,
        0.0010028889003212093,
        Infinity,
        Infinity,
        Infinity,
        Infinity,
        Infinity,
        3.09206114302736,
        0.03934735482448511,
        Infinity,
        Infinity,
        Infinity,
        Infinity,
        Infinity,
        Infinity,
        Infinity,
        Infinity
      ]
    },
    {
      "id": 1,
      "x": -0.693995,
      "y": 1.19847,
      "z": 3.03879,
      "visibility_grid": [
        0.00034258173914877187,
        0.0005079028085446609,
        0.0009574063767547954,
        0.00160924315526831,
        0.0015431141543631132,
        0.0007637034338214975,
        0.0004297327283636079,
        0.0003231366137334673,
        0.00018611678451603938,
        0.0004766608427474806,
        0.007873201145792222,
        Infinity,
        Infinity,
        0.0065297659410938486,
        0.00030978365852009533,
        0.00016494772303354577,
        0.00015087007651100413,
        0.000616919864294903,
        0.007201461447122984,
        Infinity,
        Infinity,
        0.19329383021762875,
        0.00031058110423544004,
        0.00012842807865180624,
        0.00016808274331044584,
        0.0012234373697452925,
        Infinity,
        Infinity,
        Infinity,
        0.30722744648806805,
        0.0005129533328638792,
        0.0001378054453842405,
        0.00026778941845176694,
        0.0028612762848282845,
        Infinity,
        Infinity,
        Infinity,
        0.5189741021330204,
        0.010915415403100707,
        0.00020905845740518567,
        0.016796331517088293,
        0.009556648522431984,
        Infinity,
        Infinity,
        Infinity,
        2.0727487990114604,
        0.6042528416651191,
        0.022325500367912178,
        0.034459096230874356,
        Infinity,
        Infinity,
        Infinity,
        Infinity,
        Infinity,
        2.8102541806231347,
        0.04410149598379433,
        Infinity,
        Infinity,
        Infinity,
        Infinity,
        Infinity,
        Infinity,
        Infinity,
        Infinity
      ]
    },
    {
      "id": 2,
      "x": -0.640229,
      "y": 1.13182,
      "z": 2.9818,
      "visibility_grid": [
        4.112977733698352e-06,
        5.236629103362723e-06,
        5.891447745154366e-06,
        5.3403365878819944e-06,
        4.215451597838816e-06,
        3.3897265025917996e-06,
        3.097971222673828e-06,
        3.337125291323578e-06,
        5.5612340739215715e-06,
        1.4314421435922835e-05,
        2.6814523901432048e-05,
        1.5726180697360857e-05,
        6.040566941809344e-06,
        3.1147785282205583e-06,
        2.4582161147997412e-06,
        2.9854498291668215e-06,
        1.185359373049427e-05,
        0.0004315997191693253,
        0.007720478213001198,
        Infinity,
        Infinity,
        3.939625610308852e-06,
        2.684212111681493e-06,
        3.6700894340398205e-06,
        0.0001006636502251346,
        0.007877762812918618,
        Infinity,
        Infinity,
        Infinity,
        0.23420801236499703,
        4.164853984687397e-06,
        6.72011217792478e-06,
        0.004096380927696178,
        0.014703628004545338,
        Infinity,
        Infinity,
        Infinity,
        0.4083169364121585,
        1.148763396726922e-05,
        2.8424973776398496e-05,
        0.006905904799890915,
        0.02005902276545747,
        Infinity,
        Infinity,
        Infinity,
        1.7295012454146992,
        0.46278734493539664,
        0.0038232476944994155,
        0.01257111946775516,
        Infinity,
        Infinity,
        Infinity,
        Infinity,
        Infinity,
        2.4060518241803366,
        0.010142907917408305,
        Infinity,
        Infinity,
        Infinity,
        Infinity,
        Infinity,
        Infinity,
        Infinity,
        Infinity
      ]
    },
    {
      "id": 3,
      "x": -0.591398,
      "y": 1.15814,
      "z": 2.86143,
      "visibility_grid": [
        0.00552012275989109,
        0.0119774263439656,
        0.019136259463113717,
        0.021220157888896723,
        0.016788562794356487,
        0.015343752409669321,
        0.009767928308994553,
        0.007277527900640254,
        0.0001791114244497079,
        0.004798290460127907,
        0.025109953926328907,
        Infinity,
        1.6077944873467778,
        0.01902505767193647,
        0.0014179614535513876,
        0.00015380321639992344,
        5.867530710762087e-05,
        0.008476519783829349,
        0.011596793622343187,
        Infinity,
        Infinity,
        0.290717347411271,
        0.00029988990131640645,
        5.146135300491957e-05,
        3.607117428951821e-05,
        0.0003397653807502096,
        0.009078076937209228,
        Infinity,
        Infinity,
        0.325348606362486,
        0.00015383631359264,
        3.1940315792115245e-05,
        3.1880665554784604e-05,
        0.00022938243545035688,
        Infinity,
        Infinity,
        Infinity,
        0.5401011437907385,
        0.00012014961324367262,
        2.8430230609193756e-05,
        3.8699161289241135e-05,
        0.0002255871012684881,
        Infinity,
        Infinity,
        Infinity,
        1.482734161722921,
        0.00012928984445600137,
        3.476563450310268e-05,
        6.953848740641054e-05,
        0.00030782171048126524,
        Infinity,
        Infinity,
        Infinity,
        Infinity,
        0.0001968542707307099,
        6.315605872827434e-05,
        0.0002702335789108175,
        Infinity,
        Infinity,
        Infinity,
        Infinity,
        Infinity,
        Infinity,
        0.00025268749432584765
      ]
    }
  ],
  "edges": [
    {
      "vertex1": 0,
      "vertex2": 1
    },
    {
      "vertex1": 1,
      "vertex2": 2
    },
    {
      "vertex1": 2,
      "vertex2": 3
    },
    {
      "vertex1": 3,
      "vertex2": 0
    }
  ]
}