{
  "name": "GreenPolyline",
  "vertices": [
    {
      "id": 0,
      "x": 2.09792,
      "y": 0.0161036,
      "z": 2.19078,
      "visibility_grid": [
        1.3005721550870768,
        Infinity,
        Infinity,
        0.9419526919431372,
        0.014699691188165597,
        0.00807432911013617,
        0.008561036730151276,
        0.012341015447389135,
        Infinity,
        Infinity,
        Infinity,
        0.14868148733931658,
        0.003599675113152074,
        0.0031460514118921345,
        0.004936430593002649,
        0.012103485271040163,
        0.07626298325265624,
        Infinity,
        0.08732085876455646,
        0.004475780864035968,
        0.0014947110539568127,
        0.0014950495013976326,
        0.0029632727301765398,
        0.010513169100598305,
        0.03754257317222853,
        Infinity,
        0.0579463405725031,
        0.0037134455317908823,
        0.0010321851567039976,
        0.001032414252900368,
        0.003532287868868147,
        0.022948859748409753,
        Infinity,
        0.7756774655701547,
        0.02695903126186437,
        0.004230544720762336,
        0.000998435758205972,
        0.0010671428372941553,
        0.012534915648624499,
        0.04954147820418086,
        Infinity,
        0.030790541620289963,
        0.008670278187392992,
        0.004223262250103462,
        0.0015984105717987977,
        0.002017211298793017,
        0.03543009854454197,
        0.8047380660372306,
        Infinity,
        0.008187796487424182,
        0.004906384023947667,
        0.0036038312087388422,
        0.0034058572990300503,
        0.004688968575526427,
        0.008130475910398362,
        Infinity,
        0.0053597848480766925,
        0.004751384515177897,
        0.004088202602862756,
        0.003684545172010056,
        0.003663343335641741,
        0.004028775494581575,
        0.004796110489653162,
        0.005485865432113935
      ]
    },
    {
      "id": 1,
      "x": 1.97127,
      "y": 0.292286,
      "z": 2.52505,
      "visibility_grid": [
        Infinity,
        Infinity,
        Infinity,
        Infinity,
        0.34672619073958266,
        0.5480744381057435,
        3.0189768820253935,
        Infinity,
        Infinity,
        Infinity,
        Infinity,
        1.5695504982405284,
        0.19443444019061465,
        0.2967495736959041,
        0.3786810917201549,
        Infinity,
        Infinity,
        Infinity,
        Infinity,
        0.0007024784742402557,
        0.002075313983971974,
        0.131728220796818,
        0.19439154703316572,
        Infinity,
        Infinity,
        Infinity,
        0.000497314728517361,
        0.00011946902097841438,
        0.00018828283528457353,
        0.05820804663300022,
        0.12953684228435922,
        1.029268267519274,
        Infinity,
        0.30384658961909544,
        0.00013947786036236864,
        5.79868975902475e-05,
        7.871926222549658e-05,
        0.03536952229281429,
        0.11175276293381885,
        0.15979700997592286,
        Infinity,
        0.0006222043326911451,
        8.027139256211739e-05,
        4.376473811454977e-05,
        5.456062900987146e-05,
        0.0001849997088695021,
        0.1333505353466818,
        0.2301791348550003,
        0.0009574872298310556,
        0.00018435027609237174,
        6.767043423847261e-05,
        4.5662027306654426e-05,
        5.293587665480179e-05,
        0.00010825868746614566,
        0.0004304661023075507,
        0.002109167515143947,
        0.00014994158933232814,
        0.000108101108852662,
        7.830852036986671e-05,
        6.687533784263031e-05,
        7.111628864444763e-05,
        9.233728213299925e-05,
        0.00013138524188232762,
        0.00016451992386132852
      ]
    },
    {
      "id": 2,
      "x": 1.83196,
      "y": 0.704518,
      "z": 2.65416,
      "visibility_grid": [
        Infinity,
        Infinity,
        Infinity,
        Infinity,
        Infinity,
        Infinity,
        Infinity,
        Infinity,
        Infinity,
        Infinity,
        Infinity,
        2.2737764655136,
        0.24145949659000854,
        0.5638987996274882,
        1.5136937670392887,
        Infinity,
        Infinity,
        Infinity,
        Infinity,
        5.300747306506366e-09,
        1.404274018412895e-10,
        0.35603023979951254,
        0.9917019234170067,
        Infinity,
        Infinity,
        Infinity,
        1.5809154062991581e-09,
        2.0762160260177265e-11,
        1.090631984904117e-11,
        2.1560993623793624e-10,
        0.7035133113268485,
        Infinity,
        Infinity,
        0.1326109528832496,
        3.0744051674694857e-11,
        6.514952047004996e-12,
        4.429872193922701e-12,
        1.1193532922853709e-11,
        0.6245163543248292,
        Infinity,
        2.3453865487937813e-09,
        6.941678014154983e-11,
        1.0534877022606348e-11,
        3.929671302409868e-12,
        3.023459901102678e-12,
        4.881769604426789e-12,
        5.351132193252569e-11,
        6.251563791389195e-08,
        2.998482994659484e-11,
        1.442777221405289e-11,
        6.51740964418239e-12,
        3.4251903273350736e-12,
        2.89688234807661e-12,
        3.910676214672055e-12,
        1.072616464066679e-11,
        3.1364352942298596e-11,
        7.900163220749025e-12,
        6.7631746890485334e-12,
        5.124363805580943e-12,
        4.098718676378167e-12,
        3.836859010978261e-12,
        4.308364746542295e-12,
        5.5481784878589045e-12,
        7.212397003866511e-12
      ]
    },
    {
      "id": 3,
      "x": 1.78961,
      "y": 1.11065,
      "z": 2.69233,
      "visibility_grid": [
        Infinity,
        Infinity,
        Infinity,
        Infinity,
        Infinity,
        Infinity,
        Infinity,
        Infinity,
        Infinity,
        Infinity,
        Infinity,
        Infinity,
        1.0580792469503897,
        Infinity,
        Infinity,
        Infinity,
        Infinity,
        Infinity,
        Infinity,
        0.11788068870270665,
        0.07205993347385119,
        0.43673362094634216,
        1.640195187520808,
        Infinity,
        Infinity,
        Infinity,
        0.006924137759309374,
        5.8880962545089287e-05,
        7.298339991959099e-05,
        0.0611793429131822,
        1.7533649121260306,
        Infinity,
        Infinity,
        0.0037230564404573093,
        2.7181992415054326e-05,
        1.0646752611912425e-05,
        1.1631961769788408e-05,
        3.917121054352327e-05,
        1.4052957609434504,
        Infinity,
        0.00016902224794673146,
        2.7691112221489923e-05,
        8.714158990867846e-06,
        5.2613017723389165e-06,
        5.543623482131498e-06,
        1.029890170394953e-05,
        3.7692298451738276e-05,
        0.00023186975029774025,
        1.488660409300903e-05,
        8.923363353147804e-06,
        5.305791713268652e-06,
        4.014613883192236e-06,
        4.138292843674861e-06,
        5.7786623113843755e-06,
        9.97524764105432e-06,
        1.578888528304667e-05,
        6.188429093012806e-06,
        5.445610278823188e-06,
        4.656384523224466e-06,
        4.229773026046937e-06,
        4.276059440788625e-06,
        4.787094289509604e-06,
        5.611204895587694e-06,
        6.270482138986254e-06
      ]
    },
    {
      "id": 4,
      "x": 1.54526,
      "y": 1.34361,
      "z": 2.79223,