{
  "name": "RedPolyline",
  "vertices": [
    {
      "id": 0,
      "x": 1.35915,
      "y": -0.409472,
      "z": 1.37367,
      "visibility_grid": [
        0.00015275672311094386,
        0.00013364391548535646,
        0.00014712547240768639,
        0.00019775080930183156,
        0.00028587126536722097,
        0.00034869394331299143,
        0.000301296452304257,
        0.00021039075932854497,
        0.00012248365489307003,
        8.852744639314309e-05,
        0.00011144779910723056,
        0.00025637079585509294,
        0.00644777313361168,
        0.002098509938176949,
        0.0013472232976223838,
        0.0003157421955780038,
        0.0001350571913105554,
        8.282181555389434e-05,
        0.00011665812569226788,
        0.0005097931025725821,
        0.16803449660998218,
        0.004496707452875385,
        0.00228275817869609,
        0.0008142522581985608,
        0.0002122533158984021,
        0.0001068231463842311,
        0.00017154387349480708,
        0.5052908235108803,
        Infinity,
        Infinity,
        Infinity,
        0.003233438735520808,
        0.0006012965360115363,
        0.000210679727422056,
        0.0004252635036419301,
        Infinity,
        Infinity,
        Infinity,
        Infinity,
        0.08537375827356361,
        Infinity,
        Infinity,
        Infinity,
        Infinity,
        Infinity,
        Infinity,
        Infinity,
        Infinity,
        Infinity,
        Infinity,
        Infinity,
        Infinity,
        0.5078559206307042,
        Infinity,
        Infinity,
        0.4024645533399276,
        Infinity,
        Infinity,
        Infinity,
        Infinity,
        0.9811160215444634,
        0.5855946043383579,
        Infinity,
        Infinity
      ]
    },
    {
      "id": 1,
      "x": 1.04201,
      "y": -0.056473,
      "z": 1.15671,
      "visibility_grid": [
        3.688553583552345e-06,
        3.2650733235496644e-06,
        4.42416180845613e-06,
        9.050868350446825e-06,
        2.309002840204031e-05,
        3.251525038220407e-05,
        1.557830689277849e-05,
        6.364246523364557e-06,
        1.759030714481419e-06,
        1.3932033790871615e-06,
        2.559059699977571e-06,
        2.1082026860719177e-05,
        0.21252892953102626,
        0.22773758261674837,
        0.02706875604598077,
        6.248614431146451e-06,
        1.3136084116884403e-06,
        9.763718402107642e-07,
        2.382151375443723e-06,
        0.001123782947163547,
        0.2882915255126093,
        0.27636282876733437,
        Infinity,
        8.510173761754923e-06,
        1.3577924114727831e-06,
        1.0936653179311546e-06,
        1.9704990269938953e-05,
        Infinity,
        0.6702617409335428,
        0.19906835351639302,
        Infinity,
        1.836427665848487e-05,
        1.965836259694021e-06,
        4.011426237856841e-06,
        0.0019759794630992296,
        Infinity,
        0.8041055762257887,
        0.22148294354054746,
        Infinity,
        0.00012800177202281697,
        1.982317323617126e-05,
        0.00291309432031655,
        0.004714241777804326,
        Infinity,
        Infinity,
        0.4050084649952287,
        Infinity,
        Infinity,
        Infinity,
        Infinity,
        Infinity,
        Infinity,
        Infinity,
        Infinity,
        0.7661297209910589,
        Infinity,
        Infinity,
        Infinity,
        Infinity,
        Infinity,
        Infinity,
        Infinity,
        Infinity,
        Infinity
      ]
    },
    {
      "id": 2,
      "x": 0.957097,
      "y": 0.074838,
      "z": 1.07251,
      "visibility_grid": [
        1.4249628190429285e-06,
        1.3838743437317653e-06,
        1.6240542600832448e-06,
        2.1632737977779822e-06,
        2.8051202243238844e-06,
        2.9248204530479775e-06,
        2.3661760824511536e-06,
        1.7548267616388226e-06,
        1.1060908685144933e-06,
        1.0286193297444184e-06,
        1.5631682480226138e-06,
        3.977685811426848e-06,
        1.4184195949379452e-05,
        1.8843952943125467e-05,
        5.763918022821108e-06,
        1.9563402576020617e-06,
        1.183550012463015e-06,
        1.0588601853659352e-06,
        2.0810617889899343e-06,
        1.644843731420078e-05,
        0.9227839242225577,
        0.30922160844362634,
        6.99759142583825e-05,
        3.1196175559211598e-06,
        1.7891464070011035e-06,
        1.5253718713773667e-06,
        4.321629166060563e-06,
        0.0023159919108584172,
        1.0407049572867741,
        0.27449213141969886,
        Infinity,
        9.116415385992911e-06,
        4.680683440792087e-06,
        3.638080659288412e-06,
        2.6127356174279014e-05,
        Infinity,
        1.2904829847324275,
        0.30706659272038955,
        Infinity,
        0.0004767006404235557,
        8.824678101907216e-05,
        3.9522217745248554e-05,
        Infinity,
        Infinity,
        Infinity,
        Infinity,
        0.5438731921423019,
        Infinity,
        Infinity,
        Infinity,
        Infinity,
        Infinity,
        Infinity,
        Infinity,
        Infinity,
        Infinity,
        Infinity,
        Infinity,
        Infinity,
        Infinity,
        Infinity,
        Infinity,
        Infinity,
        Infinity
      ]
    },
    {
      "id": 3,
      "x": 0.779443,
      "y": 0.124142,
      "z": 1.194797,
      "visibility_grid": [
        0.0,
        0.0,
        0.0,
        0.0,
        0.0,
        0.0,
        0.0,
        0.0,
        0.0,
        0.0,
        0.0,
        0.0,
        0.0,
        0.0,
        0.0,
        0.0,
        0.0,
        0.0,
        0.0,
        0.0,
        0.0,
        0.0,
        0.0,
        0.0,
        0.0,
        0.0,
        0.0,
        0.0,
        0.0,
        0.0,
        0.0,
        0.0,
        0.0,
        0.0,
        0.0,
        0.0,
        0.0,
        0.0,
        0.0,
        0.0,
        0.0,
        0.0,
        0.0,
        0.0,
        0.0,
        0.0,
        0.0,
        0.0,
        0.0,
        0.0,
        0.0,
        0.0,
        0.0,
        0.0,
        0.0,
        0.0,
        0.0,
        0.0,
        0.0,
        0.0,
        0.0,
        0.0,
        0.0,
        0.0
      ]
    },
    {
      "id": 4,
      "x": 0.497258,
      "y": 0.189861,
      "z": 1.46525,